Identifier,Tag: Name,Service,Type,Region,Tags,Tag: tech:team_name
bosswireless-prod-usage-import,bosswireless-prod-usage-import,S3,Bucket,us-east-1,13,team_boss_wireless
bosswireless-uat-spiffy-events,bosswireless-uat-spiffy-events,SQS,Queue,us-east-1,13,team_boss_wireless
bosswireless-prod-spiffy-events,bosswireless-prod-spiffy-events,SQS,Queue,us-east-1,13,team_boss_wireless
bosswireless-prod-bosswireless-retail-app-prod,bosswireless-prod-bosswireless-retail-app-prod,S3,Bucket,us-east-1,13,team_boss_wireless
bosswireless-uat-usage-import,bosswireless-uat-usage-import,S3,Bucket,us-east-1,13,team_boss_wireless
bosswireless-uat-bosswireless-retail-app-uat,bosswireless-uat-bosswireless-retail-app-uat,S3,Bucket,us-east-1,13,team_boss_wireless
bosswireless-uat-spiffy-events-DLQ,bosswireless-uat-spiffy-events-DLQ,SQS,Queue,us-east-1,13,team_boss_wireless
bosswireless-prod-spiffy-events-DLQ,bosswireless-prod-spiffy-events-DLQ,SQS,Queue,us-east-1,13,team_boss_wireless
i-0f5d517595b55368e,bosswireless-uat-utils,EC2,Instance,us-east-1,17,team_boss_wireless
eni-03b42edabe88b6c29,(not tagged),EC2,NetworkInterface,us-east-1,7,team_boss_wireless
eni-05d8a4a65c63f35f5,(not tagged),EC2,NetworkInterface,us-east-1,7,team_boss_wireless
sg-054dbc8b1c081f9bf,bosswireless-uat-utils-ecs-ec2,EC2,SecurityGroup,us-east-1,15,team_boss_wireless
sg-0dc56439c4b2c234e,bosswireless-uat-utils-ecs-lb-private,EC2,SecurityGroup,us-east-1,15,team_boss_wireless
sg-0691f60842bd5b169,bosswireless-uat-asg-local,EC2,SecurityGroup,us-east-1,13,team_boss_wireless
sg-067cbaf2822a9a3fa,bosswireless-prod-ecs-lb-private,EC2,SecurityGroup,us-east-1,15,team_boss_wireless
snap-021eeae1995a073cb,(not tagged),EC2,Snapshot,us-east-1,7,team_boss_wireless
vol-0fa7291afd46043e1,bosswireless-uat-utils,EC2,Volume,us-east-1,13,team_boss_wireless
bosswireless-prod,bosswireless-prod,ECS,Cluster,us-east-1,13,team_boss_wireless
bosswireless-uat-utils,bosswireless-uat-utils,ECS,Cluster,us-east-1,13,team_boss_wireless
bosswireless-uat-mongos-router:129,bosswireless-uat,ECS,TaskDefinition,us-east-1,13,team_boss_wireless
bosswireless-prod-mongos-router:122,bosswireless-prod,ECS,TaskDefinition,us-east-1,13,team_boss_wireless
bosswireless-uat-mongos-router:154,bosswireless-uat,ECS,TaskDefinition,us-east-1,13,team_boss_wireless
bosswireless-uat-mvno-inhouse-sims:1,bosswireless-uat,ECS,TaskDefinition,us-east-1,13,team_boss_wireless
bosswireless-uat-consul-registrator:1,bosswireless-uat,ECS,TaskDefinition,us-east-1,13,team_boss_wireless
bosswireless-uat-mongos-router:148,bosswireless-uat,ECS,TaskDefinition,us-east-1,13,team_boss_wireless
bosswireless-uat-brmvno-next:10,bosswireless-uat,ECS,TaskDefinition,us-east-1,13,team_boss_wireless
bosswireless-prod-mongos-router:93,bosswireless-prod,ECS,TaskDefinition,us-east-1,13,team_boss_wireless
bosswireless-uat-utils-api-autotests:1,bosswireless-uat,ECS,TaskDefinition,us-east-1,13,team_boss_wireless
bosswireless-prod-mongos-router:92,bosswireless-prod,ECS,TaskDefinition,us-east-1,13,team_boss_wireless
bosswireless-prod-mongos-router:112,bosswireless-prod,ECS,TaskDefinition,us-east-1,13,team_boss_wireless
bosswireless-uat-torchwood:54,bosswireless-uat,ECS,TaskDefinition,us-east-1,13,team_boss_wireless
bosswireless-uat-mongos-router:153,bosswireless-uat,ECS,TaskDefinition,us-east-1,13,team_boss_wireless
bosswireless-uat-mongos-router:128,bosswireless-uat,ECS,TaskDefinition,us-east-1,13,team_boss_wireless
bosswireless-uat-consul-agent:3,bosswireless-uat,ECS,TaskDefinition,us-east-1,13,team_boss_wireless
bosswireless-uat-mongos-router:134,bosswireless-uat,ECS,TaskDefinition,us-east-1,13,team_boss_wireless
bosswireless-uat-mongos-router:138,bosswireless-uat,ECS,TaskDefinition,us-east-1,13,team_boss_wireless
bosswireless-uat-mongos-router:130,bosswireless-uat,ECS,TaskDefinition,us-east-1,13,team_boss_wireless
bosswireless-uat-utils-omni-validator:22,bosswireless-uat,ECS,TaskDefinition,us-east-1,13,team_boss_wireless
bosswireless-prod-mongos-router:116,bosswireless-prod,ECS,TaskDefinition,us-east-1,13,team_boss_wireless
bosswireless-uat-mongos-router:125,bosswireless-uat,ECS,TaskDefinition,us-east-1,13,team_boss_wireless
bosswireless-uat-mongos-router:117,bosswireless-uat,ECS,TaskDefinition,us-east-1,13,team_boss_wireless
bosswireless-prod-acp-handler:19,bosswireless-prod,ECS,TaskDefinition,us-east-1,13,team_boss_wireless
bosswireless-prod-brmobile-api:48,bosswireless-prod,ECS,TaskDefinition,us-east-1,13,team_boss_wireless
bosswireless-uat-mongos-router:122,bosswireless-uat,ECS,TaskDefinition,us-east-1,13,team_boss_wireless
bosswireless-prod-brmobile-api:40,bosswireless-prod,ECS,TaskDefinition,us-east-1,13,team_boss_wireless
bosswireless-prod-mongos-router:121,bosswireless-prod,ECS,TaskDefinition,us-east-1,13,team_boss_wireless
bosswireless-uat-brmvno-next:1,bosswireless-uat,ECS,TaskDefinition,us-east-1,13,team_boss_wireless
bosswireless-uat-mongos-router:151,bosswireless-uat,ECS,TaskDefinition,us-east-1,13,team_boss_wireless
bosswireless-prod-mongos-router:98,bosswireless-prod,ECS,TaskDefinition,us-east-1,13,team_boss_wireless
bosswireless-prod-mongos-router:117,bosswireless-prod,ECS,TaskDefinition,us-east-1,13,team_boss_wireless
bosswireless-prod-mvno-account-services:40,bosswireless-prod,ECS,TaskDefinition,us-east-1,13,team_boss_wireless
bosswireless-uat-consul-agent:2,bosswireless-uat,ECS,TaskDefinition,us-east-1,13,team_boss_wireless
bosswireless-prod-consul-agent:2,bosswireless-prod,ECS,TaskDefinition,us-east-1,13,team_boss_wireless
bosswireless-prod-mvno-usage-import:28,bosswireless-prod,ECS,TaskDefinition,us-east-1,13,team_boss_wireless
bosswireless-uat-mongos-router:150,bosswireless-uat,ECS,TaskDefinition,us-east-1,13,team_boss_wireless
bosswireless-uat-vault-agent:5,bosswireless-uat,ECS,TaskDefinition,us-east-1,13,team_boss_wireless
app/public-bosswireless-prod-alb/d8a88639b53bcb8a,public-bosswireless-prod-alb,ElasticLoadBalancingV2,LoadBalancer,us-east-1,13,team_boss_wireless
app/bosswireless-prod-alb/02befe739c78c7fa,bosswireless-prod-alb,ElasticLoadBalancingV2,LoadBalancer,us-east-1,13,team_boss_wireless
clust20210515100816144800000002/b22fe9867617e301,bosswireless-prod-cluster-monitor-green,ElasticLoadBalancingV2,TargetGroup,us-east-1,13,team_boss_wireless
bi-ga20220526083847019300000001/9bc0343bcfda76ff,bosswireless-uat-bi-gateway-blue,ElasticLoadBalancingV2,TargetGroup,us-east-1,13,team_boss_wireless
mvno-20210823080706380500000002/ad3ec32dda3b153c,bosswireless-prod-mvno-inhouse-sims-green,ElasticLoadBalancingV2,TargetGroup,us-east-1,13,team_boss_wireless
brmvn20230830101315044300000002/7a76cb39508e98a8,bosswireless-uat-brmvno-next-blue,ElasticLoadBalancingV2,TargetGroup,us-east-1,13,team_boss_wireless
mvno-20210601064455234100000002/608963714d01a4a4,bosswireless-prod-mvno-usage-import-green,ElasticLoadBalancingV2,TargetGroup,us-east-1,13,team_boss_wireless
mvno-20210520093221060500000001/eb25c0980749c716,bosswireless-prod-mvno-prc-blue,ElasticLoadBalancingV2,TargetGroup,us-east-1,13,team_boss_wireless
dummy20220603135315317100000002/639f23405c403569,bosswireless-uat-utils-dummy-load-testing-blue,ElasticLoadBalancingV2,TargetGroup,us-east-1,13,team_boss_wireless
promo20221124153027567800000002/751279d8f5af21e7,bosswireless-uat-promo-handler-green,ElasticLoadBalancingV2,TargetGroup,us-east-1,13,team_boss_wireless
omni-20220603143513372000000002/ac3b2193d41df0f3,bosswireless-uat-utils-omni-validator-blue,ElasticLoadBalancingV2,TargetGroup,us-east-1,13,team_boss_wireless
torch20210525062922455100000002/1025998fa0eba0d5,bosswireless-prod-torchwood-green,ElasticLoadBalancingV2,TargetGroup,us-east-1,13,team_boss_wireless
mvno-20210820121532477200000002/014b20c794d21290,bosswireless-uat-mvno-inhouse-sims-blue,ElasticLoadBalancingV2,TargetGroup,us-east-1,13,team_boss_wireless
clust20210503164717346100000001/2064c9bb8139ac49,bosswireless-uat-cluster-monitor-green,ElasticLoadBalancingV2,TargetGroup,us-east-1,13,team_boss_wireless
brmob20210526073613808300000001/024fd8ba85f99a34,bosswireless-prod-brmobile-api-green,ElasticLoadBalancingV2,TargetGroup,us-east-1,13,team_boss_wireless
mvno-20210512173005762900000001/9cf96c382c7a1fb8,bosswireless-uat-mvno-usage-import-green,ElasticLoadBalancingV2,TargetGroup,us-east-1,13,team_boss_wireless
i-0e0a312b7820a2584,bosswireless-uat,EC2,Instance,us-east-1,16,team_boss_wireless
eni-088e3b739b4d2af67,(not tagged),EC2,NetworkInterface,us-east-1,7,team_boss_wireless
eni-092b4b40f66186fda,(not tagged),EC2,NetworkInterface,us-east-1,7,team_boss_wireless
sg-03524b7ef592f4f39,bosswireless-uat-utils-asg-local,EC2,SecurityGroup,us-east-1,13,team_boss_wireless
sg-09789ad4a1a27cf94,bosswireless-prod-ecs-lb-public,EC2,SecurityGroup,us-east-1,15,team_boss_wireless
sg-0d232a6670d7819bc,bosswireless-uat-ecs-access,EC2,SecurityGroup,us-east-1,15,team_boss_wireless
snap-0dfc69c8959a3a0af,(not tagged),EC2,Snapshot,us-east-1,7,team_boss_wireless
vol-0bc460173cabbf887,bosswireless-prod,EC2,Volume,us-east-1,13,team_boss_wireless
vol-046bf1bce581dc3fa,bosswireless-uat-utils,EC2,Volume,us-east-1,13,team_boss_wireless
vol-0839ff80ec4661672,bosswireless-prod,EC2,Volume,us-east-1,13,team_boss_wireless
bosswireless-prod-mvno-plan-store:9,bosswireless-prod,ECS,TaskDefinition,us-east-1,13,team_boss_wireless
bosswireless-uat-mongos-router:144,bosswireless-uat,ECS,TaskDefinition,us-east-1,13,team_boss_wireless
bosswireless-prod-mongos-router:113,bosswireless-prod,ECS,TaskDefinition,us-east-1,13,team_boss_wireless
bosswireless-uat-cluster-monitor:44,bosswireless-uat,ECS,TaskDefinition,us-east-1,13,team_boss_wireless
bosswireless-uat-mvno-usage-import:45,bosswireless-uat,ECS,TaskDefinition,us-east-1,13,team_boss_wireless
bosswireless-uat-consul-agent:1,bosswireless-uat,ECS,TaskDefinition,us-east-1,13,team_boss_wireless
bosswireless-uat-mongos-router:131,bosswireless-uat,ECS,TaskDefinition,us-east-1,13,team_boss_wireless
bosswireless-uat-mongos-router:146,bosswireless-uat,ECS,TaskDefinition,us-east-1,13,team_boss_wireless
bosswireless-prod-mongos-router:108,bosswireless-prod,ECS,TaskDefinition,us-east-1,13,team_boss_wireless
bosswireless-prod-consul-registrator:1,bosswireless-prod,ECS,TaskDefinition,us-east-1,13,team_boss_wireless
bosswireless-uat-mongos-router:143,bosswireless-uat,ECS,TaskDefinition,us-east-1,13,team_boss_wireless
bosswireless-prod-mongos-router:94,bosswireless-prod,ECS,TaskDefinition,us-east-1,13,team_boss_wireless
bosswireless-prod-mongos-router:105,bosswireless-prod,ECS,TaskDefinition,us-east-1,13,team_boss_wireless
bosswireless-uat-mvno-prc:1,bosswireless-uat,ECS,TaskDefinition,us-east-1,13,team_boss_wireless
bosswireless-prod-cluster-monitor:35,bosswireless-prod,ECS,TaskDefinition,us-east-1,13,team_boss_wireless
bosswireless-prod-mongos-router:103,bosswireless-prod,ECS,TaskDefinition,us-east-1,13,team_boss_wireless
bosswireless-prod-bi-gateway:3,bosswireless-prod,ECS,TaskDefinition,us-east-1,13,team_boss_wireless
bosswireless-prod-spiffy:1,bosswireless-prod,ECS,TaskDefinition,us-east-1,13,team_boss_wireless
bosswireless-uat-brmobile-api:63,bosswireless-uat,ECS,TaskDefinition,us-east-1,13,team_boss_wireless
bosswireless-prod-mongos-router:99,bosswireless-prod,ECS,TaskDefinition,us-east-1,13,team_boss_wireless
bosswireless-uat-utils-api-autotests:4,bosswireless-uat,ECS,TaskDefinition,us-east-1,13,team_boss_wireless
bosswireless-uat-utils-dummy-load-testing:1,bosswireless-uat,ECS,TaskDefinition,us-east-1,13,team_boss_wireless
bosswireless-uat-mongos-router:116,bosswireless-uat,ECS,TaskDefinition,us-east-1,13,team_boss_wireless
bosswireless-prod-mongos-router:106,bosswireless-prod,ECS,TaskDefinition,us-east-1,13,team_boss_wireless
bosswireless-prod-promo-handler:1,bosswireless-prod,ECS,TaskDefinition,us-east-1,13,team_boss_wireless
bosswireless-uat-mongos-router:124,bosswireless-uat,ECS,TaskDefinition,us-east-1,13,team_boss_wireless
bosswireless-uat-mongos-router:115,bosswireless-uat,ECS,TaskDefinition,us-east-1,13,team_boss_wireless
bosswireless-prod-vault-agent:2,bosswireless-prod,ECS,TaskDefinition,us-east-1,13,team_boss_wireless
bosswireless-prod-employee-plan:9,bosswireless-prod,ECS,TaskDefinition,us-east-1,13,team_boss_wireless
bosswireless-prod-consul-agent:5,bosswireless-prod,ECS,TaskDefinition,us-east-1,13,team_boss_wireless
bosswireless-uat-mongos-router:121,bosswireless-uat,ECS,TaskDefinition,us-east-1,13,team_boss_wireless
bosswireless-uat-mongos-router:142,bosswireless-uat,ECS,TaskDefinition,us-east-1,13,team_boss_wireless
bosswireless-uat-employee-plan:10,bosswireless-uat,ECS,TaskDefinition,us-east-1,13,team_boss_wireless
bosswireless-uat-utils-vault-agent:2,bosswireless-uat-utils,ECS,TaskDefinition,us-east-1,13,team_boss_wireless
bosswireless-uat-mongos-router:147,bosswireless-uat,ECS,TaskDefinition,us-east-1,13,team_boss_wireless
bosswireless-uat-mongos-router:137,bosswireless-uat,ECS,TaskDefinition,us-east-1,13,team_boss_wireless
bosswireless-uat-bi-gateway:3,bosswireless-uat,ECS,TaskDefinition,us-east-1,13,team_boss_wireless
bosswireless-uat-mongos-router:119,bosswireless-uat,ECS,TaskDefinition,us-east-1,13,team_boss_wireless
app/bosswireless-uat-utils-alb/2bf96b267ca49071,bosswireless-uat-utils-alb,ElasticLoadBalancingV2,LoadBalancer,us-east-1,13,team_boss_wireless
mvno-20210601064455233500000001/ae6f1ea811b548bc,bosswireless-prod-mvno-usage-import-blue,ElasticLoadBalancingV2,TargetGroup,us-east-1,13,team_boss_wireless
mvno-20210524095333203100000002/f151b3a5146da92e,bosswireless-prod-mvno-account-services-green,ElasticLoadBalancingV2,TargetGroup,us-east-1,13,team_boss_wireless
spiff20210510081451227000000002/f84b37a7efcbe33d,bosswireless-uat-spiffy-blue,ElasticLoadBalancingV2,TargetGroup,us-east-1,13,team_boss_wireless
omni-20220603143513371400000001/b3472d1f7e1810ef,bosswireless-uat-utils-omni-validator-green,ElasticLoadBalancingV2,TargetGroup,us-east-1,13,team_boss_wireless
clust20210503164717346300000002/ed1ce84bcbb7438c,bosswireless-uat-cluster-monitor-blue,ElasticLoadBalancingV2,TargetGroup,us-east-1,13,team_boss_wireless
dummy20220603135315239700000001/55c9733a13bed6aa,bosswireless-uat-utils-dummy-load-testing-green,ElasticLoadBalancingV2,TargetGroup,us-east-1,13,team_boss_wireless
torch20210525062922454800000001/b76fadf87057319c,bosswireless-prod-torchwood-blue,ElasticLoadBalancingV2,TargetGroup,us-east-1,13,team_boss_wireless
custo20210803083001987200000002/cd9d59d0d25ff9ee,bosswireless-prod-customer-tier-switcher-green,ElasticLoadBalancingV2,TargetGroup,us-east-1,13,team_boss_wireless
mvno-20210510083733900400000001/f8672dfa9f311342,bosswireless-uat-mvno-account-services-blue,ElasticLoadBalancingV2,TargetGroup,us-east-1,13,team_boss_wireless
promo20221124153027562400000001/11cc50fb07eb0bfc,bosswireless-uat-promo-handler-blue,ElasticLoadBalancingV2,TargetGroup,us-east-1,13,team_boss_wireless
mvno-20210823080706380100000001/79898997d5188d3c,bosswireless-prod-mvno-inhouse-sims-blue,ElasticLoadBalancingV2,TargetGroup,us-east-1,13,team_boss_wireless
custo20210729133052491000000001/37e8e272d8e79642,bosswireless-uat-customer-tier-switcher-green,ElasticLoadBalancingV2,TargetGroup,us-east-1,13,team_boss_wireless
brmob20210526073613809100000002/6fbeb01f6752fd99,bosswireless-prod-brmobile-api-blue,ElasticLoadBalancingV2,TargetGroup,us-east-1,13,team_boss_wireless
admin20210820121448686400000002/dee46e208cb25cab,bosswireless-uat-admin-panel-green,ElasticLoadBalancingV2,TargetGroup,us-east-1,13,team_boss_wireless
mvno-20210512190954273800000001/49b713c4318734f8,bosswireless-uat-mvno-prc-green,ElasticLoadBalancingV2,TargetGroup,us-east-1,13,team_boss_wireless
bi-ga20220526100415464800000001/7bef1bc7df3b1f7f,bosswireless-prod-bi-gateway-green,ElasticLoadBalancingV2,TargetGroup,us-east-1,13,team_boss_wireless
admin20210823080704167800000001/9063bad43954c468,bosswireless-prod-admin-panel-blue,ElasticLoadBalancingV2,TargetGroup,us-east-1,13,team_boss_wireless
promo20221125114624626800000002/9c2a2f01d1ea1217,bosswireless-prod-promo-handler-green,ElasticLoadBalancingV2,TargetGroup,us-east-1,13,team_boss_wireless
brmob20210507193213552900000002/c0e9ee698be5be03,bosswireless-uat-brmobile-api-blue,ElasticLoadBalancingV2,TargetGroup,us-east-1,13,team_boss_wireless
custo20210803083001983300000001/6fa9b815b5a9d340,bosswireless-prod-customer-tier-switcher-blue,ElasticLoadBalancingV2,TargetGroup,us-east-1,13,team_boss_wireless
custo20210729133052501900000002/6a18a3332f514b49,bosswireless-uat-customer-tier-switcher-blue,ElasticLoadBalancingV2,TargetGroup,us-east-1,13,team_boss_wireless
bosswireless-prod-up-00,bosswireless-prod-up-00,CloudWatch,Alarm,us-east-1,13,team_boss_wireless
bosswireless-uat-utils-down-00,bosswireless-uat-utils-down-00,CloudWatch,Alarm,us-east-1,13,team_boss_wireless
i-0663c7349f7bc82c9,bosswireless-prod,EC2,Instance,us-east-1,17,team_boss_wireless
i-0b1a30830afa7585a,bosswireless-prod,EC2,Instance,us-east-1,17,team_boss_wireless
sg-02ff97acb178cae05,bosswireless-uat-ecs-ec2,EC2,SecurityGroup,us-east-1,15,team_boss_wireless
sg-07429788f44d26f05,bosswireless-prod-asg-local,EC2,SecurityGroup,us-east-1,13,team_boss_wireless
sg-07b3ff7a96d3807b5,bosswireless-prod-ecs-cloudfront-access,EC2,SecurityGroup,us-east-1,15,team_boss_wireless
snap-0117ad6044cbec2c8,(not tagged),EC2,Snapshot,us-east-1,2,team_boss_wireless
snap-84e4481b,(not tagged),EC2,Snapshot,us-east-1,7,team_boss_wireless
vol-021049f64a81f8d0b,bosswireless-prod,EC2,Volume,us-east-1,13,team_boss_wireless
bosswireless-prod-mongos-router:109,bosswireless-prod,ECS,TaskDefinition,us-east-1,13,team_boss_wireless
bosswireless-uat-mongos-router:145,bosswireless-uat,ECS,TaskDefinition,us-east-1,13,team_boss_wireless
bosswireless-uat-mongos-router:155,bosswireless-uat,ECS,TaskDefinition,us-east-1,13,team_boss_wireless
bosswireless-prod-mongos-router:110,bosswireless-prod,ECS,TaskDefinition,us-east-1,13,team_boss_wireless
bosswireless-uat-mongos-router:123,bosswireless-uat,ECS,TaskDefinition,us-east-1,13,team_boss_wireless
bosswireless-uat-mongos-router:140,bosswireless-uat,ECS,TaskDefinition,us-east-1,13,team_boss_wireless
bosswireless-prod-mongos-router:107,bosswireless-prod,ECS,TaskDefinition,us-east-1,13,team_boss_wireless
bosswireless-uat-mongos-router:127,bosswireless-uat,ECS,TaskDefinition,us-east-1,13,team_boss_wireless
bosswireless-prod-mongos-router:119,bosswireless-prod,ECS,TaskDefinition,us-east-1,13,team_boss_wireless
bosswireless-prod-mongos-router:97,bosswireless-prod,ECS,TaskDefinition,us-east-1,13,team_boss_wireless
bosswireless-prod-mongos-router:104,bosswireless-prod,ECS,TaskDefinition,us-east-1,13,team_boss_wireless
bosswireless-uat-mongos-router:133,bosswireless-uat,ECS,TaskDefinition,us-east-1,13,team_boss_wireless
bosswireless-uat-mongos-router:141,bosswireless-uat,ECS,TaskDefinition,us-east-1,13,team_boss_wireless
bosswireless-prod-mongos-router:102,bosswireless-prod,ECS,TaskDefinition,us-east-1,13,team_boss_wireless
bosswireless-prod-mongos-router:114,bosswireless-prod,ECS,TaskDefinition,us-east-1,13,team_boss_wireless
bosswireless-uat-consul-agent:5,bosswireless-uat,ECS,TaskDefinition,us-east-1,13,team_boss_wireless
bosswireless-prod-customer-tier-switcher:22,bosswireless-prod,ECS,TaskDefinition,us-east-1,13,team_boss_wireless
bosswireless-uat-mongos-router:156,bosswireless-uat,ECS,TaskDefinition,us-east-1,13,team_boss_wireless
bosswireless-uat-promo-handler:1,bosswireless-uat,ECS,TaskDefinition,us-east-1,13,team_boss_wireless
bosswireless-prod-brmobile-api:55,bosswireless-prod,ECS,TaskDefinition,us-east-1,13,team_boss_wireless
bosswireless-prod-mongos-router:96,bosswireless-prod,ECS,TaskDefinition,us-east-1,13,team_boss_wireless
bosswireless-uat-customer-tier-switcher:22,bosswireless-uat,ECS,TaskDefinition,us-east-1,13,team_boss_wireless
bosswireless-uat-mvno-plan-store:14,bosswireless-uat,ECS,TaskDefinition,us-east-1,13,team_boss_wireless
bosswireless-uat-mongos-router:139,bosswireless-uat,ECS,TaskDefinition,us-east-1,13,team_boss_wireless
bosswireless-uat-brmobile-api:37,bosswireless-uat,ECS,TaskDefinition,us-east-1,13,team_boss_wireless
bosswireless-prod-mongos-router:111,bosswireless-prod,ECS,TaskDefinition,us-east-1,13,team_boss_wireless
bosswireless-uat-mongos-router:132,bosswireless-uat,ECS,TaskDefinition,us-east-1,13,team_boss_wireless
bosswireless-uat-mongos-router:126,bosswireless-uat,ECS,TaskDefinition,us-east-1,13,team_boss_wireless
bosswireless-prod-mongos-router:120,bosswireless-prod,ECS,TaskDefinition,us-east-1,13,team_boss_wireless
bosswireless-prod-admin-panel:1,bosswireless-prod,ECS,TaskDefinition,us-east-1,13,team_boss_wireless
bosswireless-prod-mongos-router:101,bosswireless-prod,ECS,TaskDefinition,us-east-1,13,team_boss_wireless
bosswireless-uat-mongos-router:120,bosswireless-uat,ECS,TaskDefinition,us-east-1,13,team_boss_wireless
bosswireless-uat-mongos-router:135,bosswireless-uat,ECS,TaskDefinition,us-east-1,13,team_boss_wireless
bosswireless-uat-mongos-router:118,bosswireless-uat,ECS,TaskDefinition,us-east-1,13,team_boss_wireless
bosswireless-prod-mongos-router:100,bosswireless-prod,ECS,TaskDefinition,us-east-1,13,team_boss_wireless
bosswireless-uat-mongos-router:152,bosswireless-uat,ECS,TaskDefinition,us-east-1,13,team_boss_wireless
app/bosswireless-uat-alb/79b13b6d74a59c02,bosswireless-uat-alb,ElasticLoadBalancingV2,LoadBalancer,us-east-1,13,team_boss_wireless
torch20210513141706619200000002/f9622718c10c91f1,bosswireless-uat-torchwood-green,ElasticLoadBalancingV2,TargetGroup,us-east-1,13,team_boss_wireless
emplo20210520085629797800000002/85d8db906e0615e9,bosswireless-prod-employee-plan-green,ElasticLoadBalancingV2,TargetGroup,us-east-1,13,team_boss_wireless
admin20210823080704168100000002/f17051ec71018511,bosswireless-prod-admin-panel-green,ElasticLoadBalancingV2,TargetGroup,us-east-1,13,team_boss_wireless
promo20221125114624626400000001/5a37fe940b523ce8,bosswireless-prod-promo-handler-blue,ElasticLoadBalancingV2,TargetGroup,us-east-1,13,team_boss_wireless
admin20210820121448685600000001/a44814ed6f1d0127,bosswireless-uat-admin-panel-blue,ElasticLoadBalancingV2,TargetGroup,us-east-1,13,team_boss_wireless
mvno-20210512173005763400000002/2be05a1ed2def636,bosswireless-uat-mvno-usage-import-blue,ElasticLoadBalancingV2,TargetGroup,us-east-1,13,team_boss_wireless
brmvn20230830101315044200000001/d54922e1182fdc09,bosswireless-uat-brmvno-next-green,ElasticLoadBalancingV2,TargetGroup,us-east-1,13,team_boss_wireless
brmvn20230830111228807100000001/a0aa41f3d7d99c85,bosswireless-prod-brmvno-next-green,ElasticLoadBalancingV2,TargetGroup,us-east-1,13,team_boss_wireless
mvno-20210512190954274700000002/00bdd2390aefc27c,bosswireless-uat-mvno-prc-blue,ElasticLoadBalancingV2,TargetGroup,us-east-1,13,team_boss_wireless
mvno-20210524095333203000000001/5472c6b4a3c31f53,bosswireless-prod-mvno-account-services-blue,ElasticLoadBalancingV2,TargetGroup,us-east-1,13,team_boss_wireless
mvno-20210518153637889300000001/121709da835b6d97,bosswireless-prod-mvno-plan-store-blue,ElasticLoadBalancingV2,TargetGroup,us-east-1,13,team_boss_wireless
mvno-20210518153637890500000002/0030c85c654b6735,bosswireless-prod-mvno-plan-store-green,ElasticLoadBalancingV2,TargetGroup,us-east-1,13,team_boss_wireless
brmvn20230830111228807300000002/5009c867c2ba6acd,bosswireless-prod-brmvno-next-blue,ElasticLoadBalancingV2,TargetGroup,us-east-1,13,team_boss_wireless
mvno-20210504130205201700000001/ddaeba64778d5799,bosswireless-uat-mvno-plan-store-blue,ElasticLoadBalancingV2,TargetGroup,us-east-1,13,team_boss_wireless
spiff20210510081451226900000001/b2b9e2621f9bcd77,bosswireless-uat-spiffy-green,ElasticLoadBalancingV2,TargetGroup,us-east-1,13,team_boss_wireless
spiff20210524095332604400000001/91b2e05c73b96b4e,bosswireless-prod-spiffy-blue,ElasticLoadBalancingV2,TargetGroup,us-east-1,13,team_boss_wireless
bosswireless-prod-down-00,bosswireless-prod-down-00,CloudWatch,Alarm,us-east-1,13,team_boss_wireless
bosswireless-uat-utils-up-00,bosswireless-uat-utils-up-00,CloudWatch,Alarm,us-east-1,13,team_boss_wireless
i-07fe873d1378cc172,bosswireless-prod,EC2,Instance,us-east-1,17,team_boss_wireless
sg-0f955d01a818c0a13,bosswireless-prod-ecs-access,EC2,SecurityGroup,us-east-1,15,team_boss_wireless
sg-082251f63d4cc2243,bosswireless-uat-ecs-lb-private,EC2,SecurityGroup,us-east-1,15,team_boss_wireless
sg-0b29965ff3f38a4fc,bosswireless-prod-ecs-ec2,EC2,SecurityGroup,us-east-1,15,team_boss_wireless
vol-056cebd4b0e3eaab0,bosswireless-uat,EC2,Volume,us-east-1,13,team_boss_wireless
vol-0222acf2dad6fd405,bosswireless-uat,EC2,Volume,us-east-1,13,team_boss_wireless
vol-06391ebc5da493854,bosswireless-prod,EC2,Volume,us-east-1,13,team_boss_wireless
vol-0bef9cb32d2761353,bosswireless-prod,EC2,Volume,us-east-1,13,team_boss_wireless
vol-0db69439470f27edc,bosswireless-prod,EC2,Volume,us-east-1,13,team_boss_wireless
bosswireless-uat-brmobile-api:54,bosswireless-uat,ECS,TaskDefinition,us-east-1,13,team_boss_wireless
bosswireless-prod-consul-agent:1,bosswireless-prod,ECS,TaskDefinition,us-east-1,13,team_boss_wireless
bosswireless-uat-mongos-router:157,bosswireless-uat,ECS,TaskDefinition,us-east-1,13,team_boss_wireless
bosswireless-prod-brmobile-api:24,bosswireless-prod,ECS,TaskDefinition,us-east-1,13,team_boss_wireless
bosswireless-uat-mongos-router:136,bosswireless-uat,ECS,TaskDefinition,us-east-1,13,team_boss_wireless
bosswireless-prod-mongos-router:95,bosswireless-prod,ECS,TaskDefinition,us-east-1,13,team_boss_wireless
bosswireless-uat-brmobile-api:68,bosswireless-uat,ECS,TaskDefinition,us-east-1,13,team_boss_wireless
bosswireless-uat-admin-panel:1,bosswireless-uat,ECS,TaskDefinition,us-east-1,13,team_boss_wireless
bosswireless-prod-mongos-router:118,bosswireless-prod,ECS,TaskDefinition,us-east-1,13,team_boss_wireless
bosswireless-prod-mvno-inhouse-sims:1,bosswireless-prod,ECS,TaskDefinition,us-east-1,13,team_boss_wireless
bosswireless-prod-torchwood:44,bosswireless-prod,ECS,TaskDefinition,us-east-1,13,team_boss_wireless
bosswireless-uat-spiffy:1,bosswireless-uat,ECS,TaskDefinition,us-east-1,13,team_boss_wireless
bosswireless-uat-utils-api-autotests:20,bosswireless-uat,ECS,TaskDefinition,us-east-1,13,team_boss_wireless
bosswireless-prod-brmvno-next:1,bosswireless-prod,ECS,TaskDefinition,us-east-1,13,team_boss_wireless
bosswireless-prod-mvno-prc:18,bosswireless-prod,ECS,TaskDefinition,us-east-1,13,team_boss_wireless
bosswireless-uat-consul-agent:4,bosswireless-uat,ECS,TaskDefinition,us-east-1,13,team_boss_wireless
bosswireless-uat-brmobile-api:8,bosswireless-uat,ECS,TaskDefinition,us-east-1,13,team_boss_wireless
bosswireless-uat-mongos-router:149,bosswireless-uat,ECS,TaskDefinition,us-east-1,13,team_boss_wireless
bosswireless-prod-mongos-router:115,bosswireless-prod,ECS,TaskDefinition,us-east-1,13,team_boss_wireless
bosswireless-prod-consul-agent:3,bosswireless-prod,ECS,TaskDefinition,us-east-1,13,team_boss_wireless
bosswireless-uat-mvno-account-services:45,bosswireless-uat,ECS,TaskDefinition,us-east-1,13,team_boss_wireless
bosswireless-prod-consul-agent:4,bosswireless-prod,ECS,TaskDefinition,us-east-1,13,team_boss_wireless
emplo20210512105555931700000001/ca0ce07aef6ef802,bosswireless-uat-employee-plan-blue,ElasticLoadBalancingV2,TargetGroup,us-east-1,13,team_boss_wireless
emplo20210512105555939800000002/ea4743d0dc3e1f15,bosswireless-uat-employee-plan-green,ElasticLoadBalancingV2,TargetGroup,us-east-1,13,team_boss_wireless
bi-ga20220526100415465500000002/70db7deb48b6f536,bosswireless-prod-bi-gateway-blue,ElasticLoadBalancingV2,TargetGroup,us-east-1,13,team_boss_wireless
mvno-20210510083733900500000002/fcc57cb3c870da30,bosswireless-uat-mvno-account-services-green,ElasticLoadBalancingV2,TargetGroup,us-east-1,13,team_boss_wireless
mvno-20210504130205202300000002/5f7fa3158f9cd5e6,bosswireless-uat-mvno-plan-store-green,ElasticLoadBalancingV2,TargetGroup,us-east-1,13,team_boss_wireless
clust20210515100816144300000001/5c6388a72df99428,bosswireless-prod-cluster-monitor-blue,ElasticLoadBalancingV2,TargetGroup,us-east-1,13,team_boss_wireless
mvno-20210520093221061200000002/49b90aaace8dbbe3,bosswireless-prod-mvno-prc-green,ElasticLoadBalancingV2,TargetGroup,us-east-1,13,team_boss_wireless
emplo20210520085629797600000001/01672449980f95d7,bosswireless-prod-employee-plan-blue,ElasticLoadBalancingV2,TargetGroup,us-east-1,13,team_boss_wireless
torch20210513141706549500000001/6d0b52a0a84e17a8,bosswireless-uat-torchwood-blue,ElasticLoadBalancingV2,TargetGroup,us-east-1,13,team_boss_wireless
spiff20210524095332605400000002/c7c9daf1d3711626,bosswireless-prod-spiffy-green,ElasticLoadBalancingV2,TargetGroup,us-east-1,13,team_boss_wireless
brmob20210507193213552200000001/482b7d7a1ca72c58,bosswireless-uat-brmobile-api-green,ElasticLoadBalancingV2,TargetGroup,us-east-1,13,team_boss_wireless
bi-ga20220526083847020800000002/91b4ba93c032525c,bosswireless-uat-bi-gateway-green,ElasticLoadBalancingV2,TargetGroup,us-east-1,13,team_boss_wireless
mvno-20210820121532475700000001/ea8f12da5864cabb,bosswireless-uat-mvno-inhouse-sims-green,ElasticLoadBalancingV2,TargetGroup,us-east-1,13,team_boss_wireless
